"row_id","locale","market","route","localized_url","page_type","topic_cluster","search_intent","primary_keyword","secondary_keywords","excluded_keywords","title_target","h1_target","schema_types","internal_link_target","indexability","translation_status","priority","research_status","search_volume","keyword_difficulty","cpc","research_source","last_researched"
"en-pdf-to-musicxml","en","Global English","/pdf-to-musicxml","https://scoretransposer.com/pdf-to-musicxml","product","pdf-musicxml","transactional","pdf to musicxml converter","pdf to musicxml online|image to musicxml|scan sheet music to musicxml","sheet music scanner|sheet music maker","PDF to MusicXML Converter Online | ScoreTransposer","Convert PDF Sheet Music to MusicXML","SoftwareApplication|FAQPage","/guides/convert-pdf-sheet-music-to-musicxml","index","complete","P0","seed","","","","Existing localized copy and manual intent seed","2026-08-30"
"en-pdf-score-scanner","en","Global English","/pdf-score-scanner","https://scoretransposer.com/pdf-score-scanner","product","sheet-music-omr","transactional","sheet music scanner","sheet music ocr|online sheet music scanner|scan sheet music to editable notation","pdf to musicxml converter|sheet music maker","Sheet Music Scanner for PDF and Images | ScoreTransposer","Scan Sheet Music into Editable Notation","SoftwareApplication|FAQPage","/guides/best-scan-settings-for-sheet-music-ocr","index","complete","P0","seed","","","","Existing localized copy and manual intent seed","2026-08-30"
"en-score-editor","en","Global English","/score-editor","https://scoretransposer.com/score-editor","product","score-editing","transactional","sheet music maker","online sheet music editor|music notation editor|music score maker","pdf to musicxml|sheet music scanner","Online Sheet Music Maker and Editor | ScoreTransposer","Create and Edit Sheet Music Online","SoftwareApplication|FAQPage","/musicxml-midi","index","complete","P0","seed","","","","Existing localized copy and manual intent seed","2026-08-30"
"en-transpose-score","en","Global English","/transpose-score","https://scoretransposer.com/transpose-score","product","score-transposition","transactional","transpose sheet music online","sheet music transposer|change sheet music key|online score transposition","sheet music editor|musicxml converter","Transpose Sheet Music Online | ScoreTransposer","Transpose Sheet Music by Key or Semitone","SoftwareApplication|FAQPage","/score-editor","index","complete","P0","seed","","","","Existing localized copy and manual intent seed","2026-08-30"
"en-musicxml-midi","en","Global English","/musicxml-midi","https://scoretransposer.com/musicxml-midi","product","musicxml-interoperability","transactional","musicxml editor online","musicxml to midi converter|midi to sheet music|musicxml to pdf","pdf to musicxml converter|sheet music scanner","MusicXML Editor and MIDI Converter Online | ScoreTransposer","Edit and Convert MusicXML Online","SoftwareApplication|FAQPage","/score-editor","index","complete","P0","seed","","","","Existing localized copy and manual intent seed","2026-08-30"
"zh-cn-pdf-to-musicxml","zh-CN","China Simplified Chinese","/pdf-to-musicxml","https://scoretransposer.com/zh-cn/pdf-to-musicxml","product","pdf-musicxml","transactional","PDF 乐谱转 MusicXML","PDF 转 MusicXML|图片转 MusicXML|扫描乐谱转 MusicXML","乐谱识别|在线五线谱编辑器","PDF 乐谱转 MusicXML 在线转换器 | ScoreTransposer","把 PDF 乐谱转换为可编辑 MusicXML","SoftwareApplication|FAQPage","/zh-cn/guides/convert-pdf-sheet-music-to-musicxml","index","complete","P0","seed","","","","Existing localized copy and manual intent seed","2026-08-30"
"zh-cn-pdf-score-scanner","zh-CN","China Simplified Chinese","/pdf-score-scanner","https://scoretransposer.com/zh-cn/pdf-score-scanner","product","sheet-music-omr","transactional","乐谱识别","五线谱识别|乐谱 OCR|PDF 乐谱扫描","PDF 乐谱转 MusicXML|在线打谱软件","PDF 与图片乐谱识别扫描器 | ScoreTransposer","扫描并识别可编辑乐谱","SoftwareApplication|FAQPage","/zh-cn/guides/best-scan-settings-for-sheet-music-ocr","index","complete","P0","seed","","","","Existing localized copy and manual intent seed","2026-08-30"
"zh-cn-score-editor","zh-CN","China Simplified Chinese","/score-editor","https://scoretransposer.com/zh-cn/score-editor","product","score-editing","transactional","在线五线谱编辑器","在线打谱软件|乐谱编辑器|在线制谱","PDF 转 MusicXML|乐谱 OCR","在线五线谱编辑器与打谱软件 | ScoreTransposer","在线创建和编辑五线谱","SoftwareApplication|FAQPage","/zh-cn/musicxml-midi","index","complete","P0","seed","","","","Existing localized copy and manual intent seed","2026-08-30"
"zh-cn-transpose-score","zh-CN","China Simplified Chinese","/transpose-score","https://scoretransposer.com/zh-cn/transpose-score","product","score-transposition","transactional","乐谱移调","在线乐谱移调|改变乐谱调性|移调乐器声部","五线谱编辑器|MusicXML 转换器","在线乐谱移调与改调 | ScoreTransposer","按目标调或半音给乐谱移调","SoftwareApplication|FAQPage","/zh-cn/score-editor","index","complete","P0","seed","","","","Existing localized copy and manual intent seed","2026-08-30"
"zh-cn-musicxml-midi","zh-CN","China Simplified Chinese","/musicxml-midi","https://scoretransposer.com/zh-cn/musicxml-midi","product","musicxml-interoperability","transactional","MusicXML 在线编辑器","MusicXML 转 MIDI|MIDI 转五线谱|MusicXML 转 PDF","PDF 乐谱转 MusicXML|乐谱识别","MusicXML 在线编辑器与 MIDI 转换器 | ScoreTransposer","在线编辑和转换 MusicXML","SoftwareApplication|FAQPage","/zh-cn/score-editor","index","complete","P0","seed","","","","Existing localized copy and manual intent seed","2026-08-30"
"zh-tw-pdf-to-musicxml","zh-TW","Taiwan and Traditional Chinese","/pdf-to-musicxml","https://scoretransposer.com/zh-tw/pdf-to-musicxml","product","pdf-musicxml","transactional","PDF 樂譜轉 MusicXML","PDF 轉 MusicXML|圖片轉 MusicXML|掃描樂譜轉 MusicXML","樂譜辨識|線上樂譜編輯器","PDF 樂譜轉 MusicXML 線上轉換器 | ScoreTransposer","把 PDF 樂譜轉換成可編輯 MusicXML","SoftwareApplication|FAQPage","/zh-tw/pdf-score-scanner","index","complete","P0","seed","","","","Existing localized copy and manual intent seed","2026-08-30"
"zh-tw-pdf-score-scanner","zh-TW","Taiwan and Traditional Chinese","/pdf-score-scanner","https://scoretransposer.com/zh-tw/pdf-score-scanner","product","sheet-music-omr","transactional","樂譜辨識","五線譜辨識|樂譜 OCR|PDF 樂譜掃描","PDF 樂譜轉 MusicXML|線上製譜軟體","PDF 與圖片樂譜辨識掃描器 | ScoreTransposer","掃描並辨識可編輯樂譜","SoftwareApplication|FAQPage","/zh-tw/pdf-to-musicxml","index","complete","P0","seed","","","","Existing localized copy and manual intent seed","2026-08-30"
"zh-tw-score-editor","zh-TW","Taiwan and Traditional Chinese","/score-editor","https://scoretransposer.com/zh-tw/score-editor","product","score-editing","transactional","線上樂譜編輯器","線上製譜軟體|五線譜編輯器|線上打譜","PDF 轉 MusicXML|樂譜 OCR","線上樂譜編輯器與製譜軟體 | ScoreTransposer","線上建立和編輯樂譜","SoftwareApplication|FAQPage","/zh-tw/musicxml-midi","index","complete","P0","seed","","","","Existing localized copy and manual intent seed","2026-08-30"
"zh-tw-transpose-score","zh-TW","Taiwan and Traditional Chinese","/transpose-score","https://scoretransposer.com/zh-tw/transpose-score","product","score-transposition","transactional","樂譜移調","線上樂譜移調|變更樂譜調性|移調樂器聲部","樂譜編輯器|MusicXML 轉換器","線上樂譜移調與改調 | ScoreTransposer","依目標調或半音進行樂譜移調","SoftwareApplication|FAQPage","/zh-tw/score-editor","index","complete","P0","seed","","","","Existing localized copy and manual intent seed","2026-08-30"
"zh-tw-musicxml-midi","zh-TW","Taiwan and Traditional Chinese","/musicxml-midi","https://scoretransposer.com/zh-tw/musicxml-midi","product","musicxml-interoperability","transactional","MusicXML 線上編輯器","MusicXML 轉 MIDI|MIDI 轉樂譜|MusicXML 轉 PDF","PDF 樂譜轉 MusicXML|樂譜辨識","MusicXML 線上編輯器與 MIDI 轉換器 | ScoreTransposer","線上編輯和轉換 MusicXML","SoftwareApplication|FAQPage","/zh-tw/score-editor","index","complete","P0","seed","","","","Existing localized copy and manual intent seed","2026-08-30"
"ja-pdf-to-musicxml","ja","Japan","/pdf-to-musicxml","https://scoretransposer.com/ja/pdf-to-musicxml","product","pdf-musicxml","transactional","PDF楽譜をMusicXMLに変換","PDF MusicXML 変換|画像 MusicXML 変換|スキャン MusicXML","楽譜スキャナー|楽譜エディター","PDF楽譜をMusicXMLに変換 | ScoreTransposer","PDF楽譜から編集可能なMusicXMLへ","SoftwareApplication|FAQPage","/ja/pdf-score-scanner","index","complete","P0","seed","","","","Existing localized copy and manual intent seed","2026-08-30"
"ja-pdf-score-scanner","ja","Japan","/pdf-score-scanner","https://scoretransposer.com/ja/pdf-score-scanner","product","sheet-music-omr","transactional","楽譜スキャナー","楽譜 OCR|PDF 楽譜スキャン|光学式楽譜認識","PDF MusicXML 変換|楽譜作成ソフト","PDF・画像対応の楽譜スキャナー | ScoreTransposer","楽譜をスキャンして編集可能な候補へ","SoftwareApplication|FAQPage","/ja/pdf-to-musicxml","index","complete","P0","seed","","","","Existing localized copy and manual intent seed","2026-08-30"
"ja-score-editor","ja","Japan","/score-editor","https://scoretransposer.com/ja/score-editor","product","score-editing","transactional","オンライン楽譜エディター","楽譜作成ソフト|オンライン楽譜編集|楽譜メーカー","PDF MusicXML 変換|楽譜スキャナー","オンライン楽譜エディター | ScoreTransposer","オンラインで楽譜を作成・編集","SoftwareApplication|FAQPage","/ja/musicxml-midi","index","complete","P0","seed","","","","Existing localized copy and manual intent seed","2026-08-30"
"ja-transpose-score","ja","Japan","/transpose-score","https://scoretransposer.com/ja/transpose-score","product","score-transposition","transactional","楽譜を移調","オンライン楽譜移調|楽譜のキー変更|移調楽器 パート","楽譜編集|MusicXML 変換","オンライン楽譜移調 | ScoreTransposer","目標調または半音で楽譜を移調","SoftwareApplication|FAQPage","/ja/score-editor","index","complete","P0","seed","","","","Existing localized copy and manual intent seed","2026-08-30"
"ja-musicxml-midi","ja","Japan","/musicxml-midi","https://scoretransposer.com/ja/musicxml-midi","product","musicxml-interoperability","transactional","MusicXML エディター","MusicXML MIDI 変換|MIDI 楽譜変換|MusicXML PDF 変換","PDF MusicXML 変換|楽譜スキャナー","MusicXML エディターとMIDI変換 | ScoreTransposer","MusicXMLをオンラインで編集・変換","SoftwareApplication|FAQPage","/ja/score-editor","index","complete","P0","seed","","","","Existing localized copy and manual intent seed","2026-08-30"
"ko-pdf-to-musicxml","ko","South Korea","/pdf-to-musicxml","https://scoretransposer.com/ko/pdf-to-musicxml","product","pdf-musicxml","transactional","PDF 악보 MusicXML 변환","PDF MusicXML 변환|이미지 MusicXML 변환|스캔 MusicXML","악보 스캐너|악보 편집기","PDF 악보 MusicXML 변환기 | ScoreTransposer","PDF 악보를 편집 가능한 MusicXML로 변환","SoftwareApplication|FAQPage","/ko/pdf-score-scanner","index","complete","P0","seed","","","","Existing localized copy and manual intent seed","2026-08-30"
"ko-pdf-score-scanner","ko","South Korea","/pdf-score-scanner","https://scoretransposer.com/ko/pdf-score-scanner","product","sheet-music-omr","transactional","악보 스캐너","악보 인식|광학 악보 인식|PDF 악보 스캔","PDF MusicXML 변환|온라인 악보 편집기","PDF 및 이미지 악보 스캐너 | ScoreTransposer","악보를 스캔해 편집 가능한 후보 만들기","SoftwareApplication|FAQPage","/ko/pdf-to-musicxml","index","complete","P0","seed","","","","Existing localized copy and manual intent seed","2026-08-30"
"ko-score-editor","ko","South Korea","/score-editor","https://scoretransposer.com/ko/score-editor","product","score-editing","transactional","온라인 악보 편집기","악보 제작 프로그램|온라인 악보 제작|악보 에디터","PDF MusicXML 변환|악보 스캐너","온라인 악보 편집기 | ScoreTransposer","온라인에서 악보 만들기와 편집","SoftwareApplication|FAQPage","/ko/musicxml-midi","index","complete","P0","seed","","","","Existing localized copy and manual intent seed","2026-08-30"
"ko-transpose-score","ko","South Korea","/transpose-score","https://scoretransposer.com/ko/transpose-score","product","score-transposition","transactional","악보 조옮김","악보 이조|온라인 악보 조옮김|악보 키 변경","악보 편집기|MusicXML 변환","온라인 악보 조옮김 | ScoreTransposer","목표 조 또는 반음으로 악보 조옮기기","SoftwareApplication|FAQPage","/ko/score-editor","index","complete","P0","seed","","","","Existing localized copy and manual intent seed","2026-08-30"
"ko-musicxml-midi","ko","South Korea","/musicxml-midi","https://scoretransposer.com/ko/musicxml-midi","product","musicxml-interoperability","transactional","MusicXML 편집기","MusicXML MIDI 변환|MIDI 악보 변환|MusicXML PDF 변환","PDF MusicXML 변환|악보 스캐너","MusicXML 편집기와 MIDI 변환기 | ScoreTransposer","MusicXML 온라인 편집과 변환","SoftwareApplication|FAQPage","/ko/score-editor","index","complete","P0","seed","","","","Existing localized copy and manual intent seed","2026-08-30"
"fr-pdf-to-musicxml","fr","France and Francophone","/pdf-to-musicxml","https://scoretransposer.com/fr/pdf-to-musicxml","product","pdf-musicxml","transactional","convertir une partition PDF en MusicXML","PDF vers MusicXML|image vers MusicXML|conversion partition scannée","scanner de partitions|éditeur de partitions","Convertir une partition PDF en MusicXML | ScoreTransposer","Convertir une partition PDF en MusicXML modifiable","SoftwareApplication|FAQPage","/fr/pdf-score-scanner","index","complete","P0","seed","","","","Existing localized copy and manual intent seed","2026-08-30"
"fr-pdf-score-scanner","fr","France and Francophone","/pdf-score-scanner","https://scoretransposer.com/fr/pdf-score-scanner","product","sheet-music-omr","transactional","scanner de partitions","reconnaissance optique de partitions|OCR musical|scanner partition PDF","PDF vers MusicXML|éditeur de partitions en ligne","Scanner de partitions PDF et images | ScoreTransposer","Scanner une partition en notation modifiable","SoftwareApplication|FAQPage","/fr/pdf-to-musicxml","index","complete","P0","seed","","","","Existing localized copy and manual intent seed","2026-08-30"
"fr-score-editor","fr","France and Francophone","/score-editor","https://scoretransposer.com/fr/score-editor","product","score-editing","transactional","éditeur de partitions en ligne","logiciel de notation musicale|créer une partition en ligne|éditeur MusicXML","PDF vers MusicXML|scanner de partitions","Éditeur de partitions en ligne | ScoreTransposer","Créer et modifier une partition en ligne","SoftwareApplication|FAQPage","/fr/musicxml-midi","index","complete","P0","seed","","","","Existing localized copy and manual intent seed","2026-08-30"
"fr-transpose-score","fr","France and Francophone","/transpose-score","https://scoretransposer.com/fr/transpose-score","product","score-transposition","transactional","transposer une partition en ligne","changer la tonalité d'une partition|transpositeur de partitions|transposition musicale","éditeur de partitions|convertisseur MusicXML","Transposer une partition en ligne | ScoreTransposer","Transposer une partition par tonalité ou demi-ton","SoftwareApplication|FAQPage","/fr/score-editor","index","complete","P0","seed","","","","Existing localized copy and manual intent seed","2026-08-30"
"fr-musicxml-midi","fr","France and Francophone","/musicxml-midi","https://scoretransposer.com/fr/musicxml-midi","product","musicxml-interoperability","transactional","éditeur MusicXML en ligne","MusicXML vers MIDI|MIDI vers partition|MusicXML vers PDF","PDF vers MusicXML|scanner de partitions","Éditeur MusicXML et convertisseur MIDI | ScoreTransposer","Modifier et convertir MusicXML en ligne","SoftwareApplication|FAQPage","/fr/score-editor","index","complete","P0","seed","","","","Existing localized copy and manual intent seed","2026-08-30"
"es-pdf-to-musicxml","es","Spain and Spanish-speaking","/pdf-to-musicxml","https://scoretransposer.com/es/pdf-to-musicxml","product","pdf-musicxml","transactional","convertir partitura PDF a MusicXML","PDF a MusicXML|imagen a MusicXML|partitura escaneada a MusicXML","escáner de partituras|editor de partituras","Convertir partitura PDF a MusicXML | ScoreTransposer","Convertir una partitura PDF en MusicXML editable","SoftwareApplication|FAQPage","/es/pdf-score-scanner","index","complete","P0","seed","","","","Existing localized copy and manual intent seed","2026-08-30"
"es-pdf-score-scanner","es","Spain and Spanish-speaking","/pdf-score-scanner","https://scoretransposer.com/es/pdf-score-scanner","product","sheet-music-omr","transactional","escáner de partituras","reconocimiento óptico de música|OCR de partituras|escanear partitura PDF","PDF a MusicXML|editor de partituras online","Escáner de partituras PDF e imágenes | ScoreTransposer","Escanear una partitura en notación editable","SoftwareApplication|FAQPage","/es/pdf-to-musicxml","index","complete","P0","seed","","","","Existing localized copy and manual intent seed","2026-08-30"
"es-score-editor","es","Spain and Spanish-speaking","/score-editor","https://scoretransposer.com/es/score-editor","product","score-editing","transactional","editor de partituras online","programa de notación musical|crear partituras online|editor MusicXML","PDF a MusicXML|escáner de partituras","Editor de partituras online | ScoreTransposer","Crear y editar partituras online","SoftwareApplication|FAQPage","/es/musicxml-midi","index","complete","P0","seed","","","","Existing localized copy and manual intent seed","2026-08-30"
"es-transpose-score","es","Spain and Spanish-speaking","/transpose-score","https://scoretransposer.com/es/transpose-score","product","score-transposition","transactional","transponer una partitura online","cambiar tonalidad de partitura|transpositor de partituras|transposición musical","editor de partituras|convertidor MusicXML","Transponer una partitura online | ScoreTransposer","Transponer una partitura por tonalidad o semitono","SoftwareApplication|FAQPage","/es/score-editor","index","complete","P0","seed","","","","Existing localized copy and manual intent seed","2026-08-30"
"es-musicxml-midi","es","Spain and Spanish-speaking","/musicxml-midi","https://scoretransposer.com/es/musicxml-midi","product","musicxml-interoperability","transactional","editor MusicXML online","MusicXML a MIDI|MIDI a partitura|MusicXML a PDF","PDF a MusicXML|escáner de partituras","Editor MusicXML y convertidor MIDI | ScoreTransposer","Editar y convertir MusicXML online","SoftwareApplication|FAQPage","/es/score-editor","index","complete","P0","seed","","","","Existing localized copy and manual intent seed","2026-08-30"
"de-pdf-to-musicxml","de","Germany and DACH","/pdf-to-musicxml","https://scoretransposer.com/de/pdf-to-musicxml","product","pdf-musicxml","transactional","PDF-Noten in MusicXML umwandeln","PDF zu MusicXML|Bild zu MusicXML|Noten PDF Konverter","Notenscanner|Online-Noteneditor","PDF-Noten in MusicXML umwandeln | ScoreTransposer","PDF-Noten in bearbeitbares MusicXML umwandeln","SoftwareApplication|FAQPage","/de/pdf-score-scanner","index","complete","P0","seed","","","","Existing localized copy and manual intent seed","2026-08-30"
"de-pdf-score-scanner","de","Germany and DACH","/pdf-score-scanner","https://scoretransposer.com/de/pdf-score-scanner","product","sheet-music-omr","transactional","Notenscanner","Notenerkennung|optische Notenerkennung|Noten PDF scannen","PDF zu MusicXML|Online-Noteneditor","Notenscanner für PDF und Bilder | ScoreTransposer","Noten scannen und bearbeitbar machen","SoftwareApplication|FAQPage","/de/pdf-to-musicxml","index","complete","P0","seed","","","","Existing localized copy and manual intent seed","2026-08-30"
"de-score-editor","de","Germany and DACH","/score-editor","https://scoretransposer.com/de/score-editor","product","score-editing","transactional","Online-Noteneditor","Notensatzprogramm|Noten online bearbeiten|Partitur erstellen","PDF zu MusicXML|Notenscanner","Online-Noteneditor | ScoreTransposer","Noten online erstellen und bearbeiten","SoftwareApplication|FAQPage","/de/musicxml-midi","index","complete","P0","seed","","","","Existing localized copy and manual intent seed","2026-08-30"
"de-transpose-score","de","Germany and DACH","/transpose-score","https://scoretransposer.com/de/transpose-score","product","score-transposition","transactional","Noten online transponieren","Tonart ändern|Noten transponieren|Transpositionssoftware","Noteneditor|MusicXML Konverter","Noten online transponieren | ScoreTransposer","Noten nach Zieltonart oder Halbton transponieren","SoftwareApplication|FAQPage","/de/score-editor","index","complete","P0","seed","","","","Existing localized copy and manual intent seed","2026-08-30"
"de-musicxml-midi","de","Germany and DACH","/musicxml-midi","https://scoretransposer.com/de/musicxml-midi","product","musicxml-interoperability","transactional","MusicXML-Editor online","MusicXML zu MIDI|MIDI zu Noten|MusicXML zu PDF","PDF zu MusicXML|Notenscanner","MusicXML-Editor und MIDI-Konverter | ScoreTransposer","MusicXML online bearbeiten und konvertieren","SoftwareApplication|FAQPage","/de/score-editor","index","complete","P0","seed","","","","Existing localized copy and manual intent seed","2026-08-30"
"ru-pdf-to-musicxml","ru","Russian-language","/pdf-to-musicxml","https://scoretransposer.com/ru/pdf-to-musicxml","product","pdf-musicxml","transactional","конвертер PDF нот в MusicXML","PDF в MusicXML|изображение в MusicXML|скан нот в MusicXML","сканер нот|нотный редактор","Конвертер PDF нот в MusicXML | ScoreTransposer","Преобразовать PDF ноты в редактируемый MusicXML","SoftwareApplication|FAQPage","/ru/pdf-score-scanner","index","complete","P0","seed","","","","Existing localized copy and manual intent seed","2026-08-30"
"ru-pdf-score-scanner","ru","Russian-language","/pdf-score-scanner","https://scoretransposer.com/ru/pdf-score-scanner","product","sheet-music-omr","transactional","сканер нот","распознавание нот|оптическое распознавание нот|сканирование нот PDF","PDF в MusicXML|нотный редактор онлайн","Сканер нот PDF и изображений | ScoreTransposer","Сканировать ноты в редактируемую партитуру","SoftwareApplication|FAQPage","/ru/pdf-to-musicxml","index","complete","P0","seed","","","","Existing localized copy and manual intent seed","2026-08-30"
"ru-score-editor","ru","Russian-language","/score-editor","https://scoretransposer.com/ru/score-editor","product","score-editing","transactional","нотный редактор онлайн","программа для набора нот|создать ноты онлайн|редактор MusicXML","PDF в MusicXML|сканер нот","Нотный редактор онлайн | ScoreTransposer","Создавать и редактировать ноты онлайн","SoftwareApplication|FAQPage","/ru/musicxml-midi","index","complete","P0","seed","","","","Existing localized copy and manual intent seed","2026-08-30"
"ru-transpose-score","ru","Russian-language","/transpose-score","https://scoretransposer.com/ru/transpose-score","product","score-transposition","transactional","транспонировать ноты онлайн","изменить тональность нот|транспозитор нот|транспонирование партитуры","нотный редактор|конвертер MusicXML","Транспонировать ноты онлайн | ScoreTransposer","Транспонировать ноты по тональности или полутонам","SoftwareApplication|FAQPage","/ru/score-editor","index","complete","P0","seed","","","","Existing localized copy and manual intent seed","2026-08-30"
"ru-musicxml-midi","ru","Russian-language","/musicxml-midi","https://scoretransposer.com/ru/musicxml-midi","product","musicxml-interoperability","transactional","редактор MusicXML онлайн","MusicXML в MIDI|MIDI в ноты|MusicXML в PDF","PDF в MusicXML|сканер нот","Редактор MusicXML и конвертер MIDI | ScoreTransposer","Редактировать и конвертировать MusicXML онлайн","SoftwareApplication|FAQPage","/ru/score-editor","index","complete","P0","seed","","","","Existing localized copy and manual intent seed","2026-08-30"
"zh-cn-numbered-notation-converter","zh-CN","China Simplified Chinese","/numbered-notation-converter","https://scoretransposer.com/zh-cn/numbered-notation-converter","hub","jianpu","commercial-investigation","简谱转换器","五线谱简谱互转|简谱工具|MusicXML 简谱","五线谱转简谱|简谱转五线谱","五线谱与简谱转换器 | ScoreTransposer","选择五线谱与简谱的转换方向","CollectionPage|FAQPage","/zh-cn/staff-to-jianpu|/zh-cn/jianpu-to-staff","index","complete","P0","seed","","","","Existing localized copy and manual intent seed","2026-08-30"
"zh-cn-staff-to-jianpu","zh-CN","China Simplified Chinese","/staff-to-jianpu","https://scoretransposer.com/zh-cn/staff-to-jianpu","product","jianpu","transactional","五线谱转简谱","五线谱转换简谱|MusicXML 转简谱|在线转简谱","简谱转换器|简谱转五线谱","五线谱转简谱在线转换 | ScoreTransposer","把五线谱转换为结构化简谱","SoftwareApplication|FAQPage","/zh-cn/numbered-notation-converter","index","complete","P0","seed","","","","Existing localized copy and manual intent seed","2026-08-30"
"zh-cn-jianpu-to-staff","zh-CN","China Simplified Chinese","/jianpu-to-staff","https://scoretransposer.com/zh-cn/jianpu-to-staff","product","jianpu","transactional","简谱转五线谱","简谱转换五线谱|简谱转 MusicXML|简谱编辑器","简谱转换器|五线谱转简谱","简谱转五线谱在线转换 | ScoreTransposer","把结构化简谱转换为五线谱","SoftwareApplication|FAQPage","/zh-cn/numbered-notation-converter","index","complete","P0","seed","","","","Existing localized copy and manual intent seed","2026-08-30"
"zh-tw-numbered-notation-converter","zh-TW","Taiwan and Traditional Chinese","/numbered-notation-converter","https://scoretransposer.com/zh-tw/numbered-notation-converter","hub","jianpu","commercial-investigation","數字譜轉換器","簡譜轉換器|五線譜數字譜互轉|MusicXML 數字譜","五線譜轉數字譜|數字譜轉五線譜","五線譜與數字譜轉換器 | ScoreTransposer","選擇五線譜與數字譜的轉換方向","CollectionPage|FAQPage","/zh-tw/staff-to-jianpu|/zh-tw/jianpu-to-staff","index","complete","P0","seed","","","","Existing localized copy and manual intent seed","2026-08-30"
"zh-tw-staff-to-jianpu","zh-TW","Taiwan and Traditional Chinese","/staff-to-jianpu","https://scoretransposer.com/zh-tw/staff-to-jianpu","product","jianpu","transactional","五線譜轉數字譜","五線譜轉簡譜|MusicXML 轉數字譜|線上轉簡譜","數字譜轉換器|數字譜轉五線譜","五線譜轉數字譜線上轉換 | ScoreTransposer","把五線譜轉換為結構化數字譜","SoftwareApplication|FAQPage","/zh-tw/numbered-notation-converter","index","complete","P0","seed","","","","Existing localized copy and manual intent seed","2026-08-30"
"zh-tw-jianpu-to-staff","zh-TW","Taiwan and Traditional Chinese","/jianpu-to-staff","https://scoretransposer.com/zh-tw/jianpu-to-staff","product","jianpu","transactional","數字譜轉五線譜","簡譜轉五線譜|數字譜轉 MusicXML|數字譜編輯器","數字譜轉換器|五線譜轉數字譜","數字譜轉五線譜線上轉換 | ScoreTransposer","把結構化數字譜轉換為五線譜","SoftwareApplication|FAQPage","/zh-tw/numbered-notation-converter","index","complete","P0","seed","","","","Existing localized copy and manual intent seed","2026-08-30"
"en-guides-hub","en","Global English","/guides","https://scoretransposer.com/guides","guide-hub","pdf-musicxml","informational","pdf to musicxml guides","sheet music ocr guides|musicxml tutorials|omr help","pdf to musicxml converter","PDF to MusicXML and Sheet Music OCR Guides | ScoreTransposer","PDF to MusicXML Guides and OMR Resources","CollectionPage","/pdf-to-musicxml|/pdf-score-scanner","index","complete","P1","seed","","","","Existing English guide cluster","2026-08-30"
"en-guide-convert-pdf","en","Global English","/guides/convert-pdf-sheet-music-to-musicxml","https://scoretransposer.com/guides/convert-pdf-sheet-music-to-musicxml","guide","pdf-musicxml","informational","how to convert pdf sheet music to musicxml","convert pdf sheet music to musicxml|pdf to musicxml tutorial|omr workflow","pdf to musicxml converter","How to Convert PDF Sheet Music to MusicXML | ScoreTransposer","How to Convert PDF Sheet Music to MusicXML","Article|HowTo|FAQPage","/pdf-to-musicxml","index","complete","P0","seed","","","","Existing English guide content","2026-08-30"
"en-guide-format-comparison","en","Global English","/guides/pdf-vs-musicxml-vs-midi","https://scoretransposer.com/guides/pdf-vs-musicxml-vs-midi","guide","music-file-formats","comparison","pdf vs musicxml vs midi","musicxml vs midi|editable sheet music format|sheet music file formats","musicxml editor online","PDF vs MusicXML vs MIDI for Sheet Music | ScoreTransposer","PDF vs MusicXML vs MIDI for Sheet Music","Article|FAQPage","/musicxml-midi","index","complete","P1","seed","","","","Existing English guide content","2026-08-30"
"en-guide-correct-omr","en","Global English","/guides/correct-omr-recognition-errors","https://scoretransposer.com/guides/correct-omr-recognition-errors","guide","sheet-music-omr","informational","how to correct omr recognition errors","fix sheet music ocr errors|correct musicxml recognition|omr cleanup","sheet music scanner","How to Correct OMR Recognition Errors | ScoreTransposer","How to Correct OMR Recognition Errors","Article|HowTo|FAQPage","/score-editor|/pdf-score-scanner","index","complete","P1","seed","","","","Existing English guide content","2026-08-30"
"en-guide-scan-settings","en","Global English","/guides/best-scan-settings-for-sheet-music-ocr","https://scoretransposer.com/guides/best-scan-settings-for-sheet-music-ocr","guide","sheet-music-omr","informational","best scan settings for sheet music ocr","sheet music scanning dpi|prepare score for omr|music ocr scan quality","sheet music scanner","Best Scan Settings for Sheet Music OCR | ScoreTransposer","Best Scan Settings for Sheet Music OCR","Article|HowTo|FAQPage","/pdf-score-scanner","index","complete","P1","seed","","","","Existing English guide content","2026-08-30"
"en-guide-musescore-import","en","Global English","/guides/import-musicxml-into-musescore","https://scoretransposer.com/guides/import-musicxml-into-musescore","guide","musicxml-interoperability","informational","import musicxml into musescore","open mxl in musescore|musescore musicxml import|musicxml cleanup","musicxml editor online","How to Import MusicXML into MuseScore | ScoreTransposer","How to Import MusicXML into MuseScore","Article|HowTo|FAQPage","/musicxml-midi","index","complete","P1","seed","","","","Existing English guide content","2026-08-30"
"en-guide-recognition-benchmark","en","Global English","/guides/pdf-to-musicxml-recognition-benchmark","https://scoretransposer.com/guides/pdf-to-musicxml-recognition-benchmark","benchmark","pdf-musicxml-evidence","commercial-investigation","pdf to musicxml recognition benchmark","omr accuracy test|musicxml recognition accuracy|sheet music ocr benchmark","pdf to musicxml converter","PDF to MusicXML Recognition Benchmark | ScoreTransposer","PDF to MusicXML Recognition Benchmark","Article|Dataset|FAQPage","/pdf-to-musicxml|/research/pdf-to-musicxml-evidence-2026-08-29.json","index","complete","P0","seed","","","","Existing English benchmark content","2026-08-30"
"zh-cn-guides-hub","zh-CN","China Simplified Chinese","/guides","https://scoretransposer.com/zh-cn/guides","guide-hub","pdf-musicxml","informational","PDF 转 MusicXML 教程","乐谱 OCR 教程|MusicXML 指南|OMR 帮助","PDF 转 MusicXML 转换器","PDF 转 MusicXML 与乐谱 OCR 教程 | ScoreTransposer","PDF 转 MusicXML 教程与 OMR 资源","CollectionPage","/zh-cn/pdf-to-musicxml|/zh-cn/pdf-score-scanner","index","complete","P1","seed","","","","Existing Simplified Chinese guide cluster","2026-08-30"
"zh-cn-guide-convert-pdf","zh-CN","China Simplified Chinese","/guides/convert-pdf-sheet-music-to-musicxml","https://scoretransposer.com/zh-cn/guides/convert-pdf-sheet-music-to-musicxml","guide","pdf-musicxml","informational","如何把 PDF 乐谱转换为 MusicXML","PDF 乐谱转 MusicXML 教程|PDF 转 MusicXML 方法|OMR 流程","PDF 乐谱转 MusicXML 转换器","如何把 PDF 乐谱转换为 MusicXML | ScoreTransposer","如何把 PDF 乐谱转换为 MusicXML","Article|HowTo|FAQPage","/zh-cn/pdf-to-musicxml","index","complete","P0","seed","","","","Existing Simplified Chinese guide content","2026-08-30"
"zh-cn-guide-format-comparison","zh-CN","China Simplified Chinese","/guides/pdf-vs-musicxml-vs-midi","https://scoretransposer.com/zh-cn/guides/pdf-vs-musicxml-vs-midi","guide","music-file-formats","comparison","PDF MusicXML MIDI 区别","MusicXML 与 MIDI|可编辑乐谱格式|乐谱文件格式","MusicXML 在线编辑器","PDF MusicXML 与 MIDI 有什么区别 | ScoreTransposer","PDF MusicXML 与 MIDI 有什么区别","Article|FAQPage","/zh-cn/musicxml-midi","index","complete","P1","seed","","","","Existing Simplified Chinese guide content","2026-08-30"
"zh-cn-guide-correct-omr","zh-CN","China Simplified Chinese","/guides/correct-omr-recognition-errors","https://scoretransposer.com/zh-cn/guides/correct-omr-recognition-errors","guide","sheet-music-omr","informational","如何修正 OMR 乐谱识别错误","修复乐谱 OCR 错误|校正 MusicXML 识别|OMR 清理","乐谱识别工具","如何修正 OMR 乐谱识别错误 | ScoreTransposer","如何修正 OMR 乐谱识别错误","Article|HowTo|FAQPage","/zh-cn/score-editor|/zh-cn/pdf-score-scanner","index","complete","P1","seed","","","","Existing Simplified Chinese guide content","2026-08-30"
"zh-cn-guide-scan-settings","zh-CN","China Simplified Chinese","/guides/best-scan-settings-for-sheet-music-ocr","https://scoretransposer.com/zh-cn/guides/best-scan-settings-for-sheet-music-ocr","guide","sheet-music-omr","informational","乐谱 OCR 最佳扫描设置","乐谱扫描 dpi|OMR 扫描准备|提高乐谱识别质量","乐谱扫描识别工具","乐谱 OCR 最佳扫描设置 | ScoreTransposer","乐谱 OCR 最佳扫描设置","Article|HowTo|FAQPage","/zh-cn/pdf-score-scanner","index","complete","P1","seed","","","","Existing Simplified Chinese guide content","2026-08-30"
"zh-cn-guide-musescore-import","zh-CN","China Simplified Chinese","/guides/import-musicxml-into-musescore","https://scoretransposer.com/zh-cn/guides/import-musicxml-into-musescore","guide","musicxml-interoperability","informational","MusicXML 导入 MuseScore","MuseScore 打开 MXL|MuseScore MusicXML 导入|MusicXML 清理","MusicXML 在线编辑器","如何把 MusicXML 导入 MuseScore | ScoreTransposer","如何把 MusicXML 导入 MuseScore","Article|HowTo|FAQPage","/zh-cn/musicxml-midi","index","complete","P1","seed","","","","Existing Simplified Chinese guide content","2026-08-30"
"zh-cn-guide-recognition-benchmark","zh-CN","China Simplified Chinese","/guides/pdf-to-musicxml-recognition-benchmark","https://scoretransposer.com/zh-cn/guides/pdf-to-musicxml-recognition-benchmark","benchmark","pdf-musicxml-evidence","commercial-investigation","PDF 转 MusicXML 识别准确率","OMR 准确率测试|MusicXML 识别基准|乐谱 OCR 测试","PDF 转 MusicXML 转换器","PDF 转 MusicXML 识别基准报告 | ScoreTransposer","PDF 转 MusicXML 识别基准报告","Article|Dataset|FAQPage","/zh-cn/pdf-to-musicxml|/research/pdf-to-musicxml-evidence-2026-08-29.json","index","complete","P0","seed","","","","Existing Simplified Chinese benchmark content","2026-08-30"
